-1.823942,-1.381013,-1.148488,0.476175,-1.304300,-2.063220,0.718116,-1.644133,-0.716406,1.564585,-1.163823,-0.409056,0.416320,-1.489198,1.520847
-1.780277,-1.087208,-1.071206,0.270574,-0.829573,-1.759708,0.512544,0.393028,-0.203044,1.048040,-0.867822,-0.340794,0.416320,-1.038124,0.867402
-2.064099,-1.344287,-1.071206,0.153088,-1.779027,-2.022752,1.471878,-1.644133,-1.229769,0.402359,-1.321691,0.273566,-0.858392,-1.489198,0.033002
-1.430959,-1.234110,-1.225769,-1.080516,-1.304300,-1.395493,1.540402,0.393028,-0.203044,-0.879069,-1.124356,1.434023,0.841224,-1.714735,-1.002457
-0.841484,-0.775040,-0.993925,-1.080516,-0.558301,-0.950341,0.649592,0.393028,-0.203044,-0.978405,-0.769155,0.137041,0.841224,-0.248745,-0.972298
-0.208345,-0.646501,-0.762081,-0.052513,-0.693937,-0.302848,-0.241218,-1.236700,-0.459725,-0.551262,-0.631021,0.000517,0.841224,-0.023209,-0.349012
-1.299965,-1.252473,-0.916644,0.094345,-1.575573,-1.618069,1.129259,-0.829268,-0.973088,-0.511528,-1.124356,0.205304,-0.008584,-2.053040,-0.540019
-1.649283,-1.105571,-1.225769,0.006230,-1.033028,-1.901347,1.266306,-1.644133,-0.459725,-0.412192,-1.045423,0.341828,0.416320,-1.489198,-0.409330
-1.496456,-1.105571,-1.148488,0.153088,-0.558301,-1.860878,1.403354,-0.421836,-1.229769,-0.233388,-0.887555,-0.272532,-1.708200,-0.248745,-0.258535
-1.190803,-1.142296,-0.839362,-0.786801,-0.558301,-0.869405,0.718116,0.800460,-1.614791,0.243422,-1.084890,-0.136007,0.841224,0.202328,0.555758
-1.343630,-1.197385,-1.071206,0.153088,-1.439937,-1.739473,1.197783,-0.421836,-0.716406,1.703655,-1.183557,-0.204269,-0.433488,-1.714735,1.963179
-1.802110,-1.270836,-1.148488,0.417432,-1.439937,-2.164391,1.334830,0.800460,-0.203044,2.100997,-1.084890,-0.409056,0.841224,-1.038124,1.943073
-1.911272,-0.756677,-1.148488,-0.610572,0.594608,-1.860878,1.403354,0.800460,-0.203044,0.849369,-0.749421,0.137041,0.841224,0.202328,0.314486
-1.168970,-1.087208,-0.916644,-1.021773,-0.829573,-0.565892,0.581068,0.800460,-0.459725,-0.759867,-1.163823,0.887925,0.841224,-0.361514,-0.821503
-1.234468,-1.215748,-0.530236,-1.432974,-0.693937,-1.233619,0.238449,0.800460,-0.716406,0.064618,-1.104623,-0.750367,1.266128,-0.587051,0.334592
-1.714780,-1.362650,-0.143829,-1.844175,-0.965210,-1.395493,0.581068,0.800460,-0.203044,0.223555,-1.380891,0.956187,0.841224,-1.038124,0.163691
-0.666825,-1.142296,-1.148488,-1.991033,-0.083574,-0.505190,-0.241218,1.207892,0.053637,-0.233388,-1.183557,1.365760,1.266128,-0.023209,-0.349012
-1.343630,-0.848492,-1.225769,-1.286117,-1.033028,-1.456195,1.951545,0.800460,-0.716406,-0.918803,-0.769155,1.229236,0.841224,-0.812588,-1.102987
-0.775987,-1.307562,-0.684799,-0.081884,0.730244,-0.606361,1.129259,0.800460,1.465384,-0.670465,-1.104623,-0.136007,-1.283296,-0.361514,-0.429436
-1.496456,-1.344287,-0.143829,-0.728058,-0.151392,-1.193151,0.032878,-0.829268,0.952022,-0.392325,-1.163823,1.638809,-0.858392,-0.361514,0.334592
-0.928814,-0.921943,-1.303051,0.476175,-1.033028,-1.375259,1.129259,-1.644133,0.438659,0.889103,-0.769155,-0.204269,-1.708200,-2.053040,0.807084
-1.321797,-0.554687,-0.993925,-0.845544,-0.422665,-1.031278,0.238449,0.800460,0.695340,-0.153920,-0.295553,-0.272532,0.841224,-0.023209,-0.620443
-0.273842,-0.903580,-0.762081,-1.521089,1.340607,-0.586126,0.581068,0.393028,0.310319,-1.425415,-1.696625,2.594480,0.841224,0.653402,-1.002457
-1.321797,-1.068845,-1.071206,0.652404,1.069335,-0.788468,-1.063504,-1.644133,0.438659,-0.273123,-1.124356,-0.409056,-1.708200,1.893855,-0.147952
-0.732322,-0.517961,-0.530236,-0.140627,-0.693937,-1.112215,1.471878,0.800460,-0.973088,-0.620797,-0.335020,-0.067745,-0.008584,0.202328,-0.901927
-0.339339,-1.472827,-1.071206,-0.493086,0.052062,-0.950341,0.444021,0.800460,1.465384,-0.441993,-1.400624,-0.136007,0.841224,-0.587051,0.224009
-1.518289,-1.179022,-0.762081,-0.610572,0.187699,-1.678771,0.306973,-0.421836,0.310319,0.551362,-1.144090,0.137041,0.841224,0.202328,0.033002
-0.972479,-0.756677,-0.762081,0.358689,-0.151392,-0.505190,-0.104170,-1.236700,0.310319,-0.471794,-0.788888,-0.272532,-1.283296,0.202328,0.033002
-1.649283,-0.573049,-0.993925,-1.051144,1.611880,-0.545658,-0.241218,0.800460,1.850406,-0.829402,-0.453420,-0.067745,0.841224,0.878939,-1.384471
-0.077351,-0.738315,-0.762081,-0.287485,0.187699,-0.242146,-0.652361,0.800460,-0.203044,-1.365813,-0.749421,-0.136007,0.841224,1.217244,-0.932086
-1.365462,-0.921943,-0.530236,0.505546,-1.168664,-1.355024,0.649592,-1.236700,-0.459725,0.581163,-0.927022,-0.272532,-1.283296,-1.038124,0.766871
-1.409127,-1.215748,-1.148488,-0.023141,-1.575573,-1.516898,1.129259,-1.644133,-0.973088,1.405648,-1.242757,1.229236,-0.433488,-1.489198,1.551006
-1.081641,-1.197385,-0.684799,0.593661,-1.439937,-1.355024,1.608926,-0.829268,-1.358110,1.554651,-1.183557,0.341828,-1.708200,-1.038124,1.430370
-1.911272,-1.160659,-1.071206,0.711147,-1.439937,-1.921581,1.540402,-1.644133,-0.716406,0.998372,-1.104623,0.614877,-1.708200,-1.263661,0.585917
-1.409127,-1.509553,-0.916644,-1.873547,-1.711209,-1.537132,1.745973,0.800460,-0.716406,-0.432059,-1.380891,1.980120,0.841224,-2.278577,-0.781291
-0.841484,-0.481235,-1.380332,-1.638575,0.187699,-0.909873,1.129259,-0.421836,-0.973088,-1.673754,-0.571821,-0.067745,0.841224,0.878939,-1.605637
-1.016144,-0.517961,-0.762081,0.094345,-0.829573,-0.060038,-0.378265,-1.236700,-0.203044,-1.485016,-0.492887,-0.682105,0.416320,-0.248745,-1.454842
-0.688658,-1.050482,-0.530236,-0.404971,-0.965210,-1.274088,0.992211,0.800460,0.053637,-0.908870,-0.946756,0.819663,0.841224,-0.248745,-0.700867
-1.321797,-0.573049,-0.839362,0.299946,-0.693937,-0.545658,0.169925,-0.829268,-1.229769,-0.143986,-0.354753,-0.545580,0.416320,-0.023209,0.043055
-1.125306,-0.609775,-1.071206,0.358689,-1.439937,-0.889639,0.786640,-0.421836,-0.459725,0.432160,-0.690221,0.751401,0.416320,-1.038124,0.344645
-0.841484,0.069649,-0.993925,-0.023141,1.815334,-0.060038,0.306973,0.800460,0.695340,-0.700265,0.217516,-1.023415,-1.708200,0.878939,-1.505107
-0.164680,-0.775040,0.165296,0.564289,1.476243,-0.262380,-0.789408,-0.829268,1.465384,-1.534684,-0.709955,-0.682105,-1.283296,0.991707,-1.454842
-0.361172,-1.381013,0.010734,-1.109887,1.340607,-0.990810,0.512544,0.800460,0.952022,-1.077740,-1.538758,0.819663,0.841224,-1.489198,-0.529966
-1.540121,-0.830129,-1.148488,0.417432,-0.965210,-1.658537,0.992211,0.393028,-0.459725,0.561296,-0.709955,-0.409056,-1.283296,-1.489198,0.324539
-0.994311,-0.205793,-0.762081,0.153088,1.679698,-0.140975,-0.104170,0.800460,0.438659,-0.859202,-0.177152,-1.296464,-1.283296,1.668318,-0.710920
-0.688658,-0.536324,-0.143829,-0.111256,0.730244,-0.667063,-0.378265,-0.421836,-0.459725,-1.147275,-0.631021,0.887925,0.841224,0.991707,-2.198764
-1.387294,-0.664863,-0.452955,0.006230,1.340607,-0.565892,0.306973,0.800460,-0.459725,-3.143919,-0.690221,-0.409056,-1.283296,1.668318,-3.033164
-0.579496,-1.123934,-0.452955,0.299946,2.222243,-0.889639,0.238449,0.393028,1.465384,-2.388969,-1.400624,0.751401,-0.433488,1.442781,-2.249029
-1.365462,-1.583004,-0.762081,-0.228742,0.458971,-0.869405,-0.583837,0.393028,0.438659,-1.206877,-1.953160,2.048382,0.841224,-0.248745,-0.469648
-1.147138,-1.197385,-0.762081,0.799261,0.187699,-0.950341,-0.994980,-1.644133,0.438659,0.899037,-1.321691,-0.136007,-1.283296,-0.587051,1.078515
-1.496456,-0.793403,-0.916644,0.329317,-1.033028,-1.152683,0.032878,-1.644133,-0.459725,0.859303,-0.927022,-0.067745,-0.008584,-1.489198,0.636182
-0.797820,-0.775040,-0.607518,0.182459,-1.033028,-0.950341,0.169925,0.393028,0.310319,0.193754,-0.769155,-0.886891,-0.008584,-1.038124,0.093320
-1.256300,-0.389421,-0.839362,-0.287485,0.323335,-0.707531,-0.446789,0.800460,-0.459725,-0.084385,-0.295553,-0.477318,0.841224,0.878939,-0.178111
-0.164680,-1.325925,-0.375674,-1.403603,-0.829573,-0.849170,1.883021,1.207892,-1.614791,-0.034717,-1.262490,1.980120,0.841224,-1.489198,-0.027316
-1.518289,-0.793403,-1.148488,0.769890,-0.829573,-1.132449,0.375497,-1.644133,-0.459725,0.541429,-0.808622,-0.067745,0.416320,-0.361514,0.676394
-0.623161,-0.297607,-0.452955,-1.491717,-0.287028,-0.525424,-0.172694,0.800460,-0.459725,0.710299,-0.137685,-0.204269,0.841224,0.202328,0.595970
0.293800,-0.113979,-0.607518,-0.845544,1.204971,-0.424253,0.101401,1.207892,-0.203044,0.104352,-0.216619,-0.818629,0.841224,2.908770,-0.389224
-1.059808,-1.472827,-0.143829,0.417432,0.458971,-1.172917,-0.309742,-1.236700,0.952022,0.620897,-1.361157,-1.159940,-0.008584,0.653402,0.988038
-1.365462,-0.903580,-0.530236,0.270574,-0.693937,-1.274088,-0.172694,-1.644133,0.310319,0.879170,-0.749421,-0.409056,0.841224,-0.587051,0.706553
-0.972479,-0.628138,-0.530236,0.476175,-0.829573,-0.930107,0.444021,-0.421836,-0.459725,0.501695,-0.512620,-0.477318,-0.008584,-0.812588,0.254168
-0.928814,-1.325925,-0.530236,-0.140627,1.476243,-1.375259,0.855163,0.393028,0.053637,0.918904,-1.558492,1.024450,0.416320,0.202328,1.460529
-1.234468,-1.142296,-0.762081,-0.140627,-1.439937,-1.294322,0.512544,0.393028,-0.203044,1.981794,-1.124356,-0.272532,-1.283296,-0.812588,1.902861
-1.845775,-0.591412,-0.916644,0.505546,-0.965210,-1.314556,0.649592,-1.644133,0.310319,1.236778,-0.453420,-0.955153,-0.858392,-0.248745,0.786977
-0.579496,0.014560,0.010734,0.182459,-0.151392,-0.565892,0.444021,-0.014404,-0.716406,0.154020,0.158316,-0.545580,0.416320,0.427865,-0.238429
0.250135,0.363454,-0.375674,-0.404971,2.222243,0.445816,-0.583837,0.800460,0.310319,-1.852557,-0.216619,-0.613842,0.841224,1.217244,-2.249029
-0.797820,-1.436101,0.088015,0.652404,0.933698,-0.909873,-0.446789,-1.236700,1.850406,-2.170431,-1.854493,0.819663,0.841224,-0.248745,-2.047969
-1.343630,-1.454464,0.319859,0.211831,0.594608,-1.253854,-0.309742,0.800460,0.952022,-2.071096,-1.874226,1.024450,-0.858392,0.991707,-1.907227
-0.972479,-0.885217,-0.298392,0.534918,0.798062,-0.849170,-0.583837,-0.829268,0.438659,-1.534684,-0.867822,-0.682105,-1.283296,1.442781,-1.072828
-0.339339,-0.609775,-0.298392,-0.258113,2.086607,-0.565892,-0.241218,-0.014404,0.310319,-0.988338,-1.005956,0.887925,0.416320,1.442781,-0.942139
-1.256300,-1.381013,-0.452955,0.153088,0.187699,-1.031278,-0.515313,0.800460,-0.203044,-0.183721,-2.051827,1.365760,-0.008584,-0.023209,-0.027316
-0.972479,-0.701589,-0.684799,0.299946,-0.083574,-0.667063,-1.200551,-1.236700,-0.459725,0.491761,-0.709955,-0.682105,-0.008584,-0.248745,0.445175
-1.627451,-0.536324,-0.375674,0.476175,-1.304300,-0.120741,-0.789408,-0.829268,-0.459725,0.491761,-0.749421,0.341828,-0.433488,-0.587051,0.455228
-1.059808,-0.150705,-0.839362,-1.227374,0.187699,-0.950341,1.197783,0.800460,0.310319,-0.412192,-0.019285,0.205304,0.841224,0.991707,-0.801397
-0.732322,-1.197385,-0.839362,-1.462346,-1.033028,-0.343316,0.649592,0.800460,-0.973088,-0.789667,-1.282224,2.457955,1.266128,-1.263661,-0.801397
-0.754155,-0.775040,-1.148488,-1.168630,0.458971,-0.646829,1.060735,0.800460,-0.203044,-1.683687,-0.946756,0.751401,0.841224,0.878939,-1.746379
-0.579496,-0.664863,-0.221111,-0.728058,1.069335,-0.768234,-1.200551,0.800460,2.877131,-1.425415,-0.769155,-0.340794,-0.433488,0.427865,-1.092934
-0.950646,-0.499598,-0.452955,-0.228742,1.815334,-0.424253,-0.926456,0.800460,0.952022,-0.730066,-0.413953,-1.842561,-1.283296,0.991707,-0.801397
-1.168970,-1.307562,0.165296,-0.551829,1.069335,-0.930107,-0.789408,-0.014404,0.695340,-0.004917,-1.854493,1.570547,0.416320,-0.248745,0.364751
-1.103473,-0.077254,-0.839362,0.299946,-0.422665,-0.667063,-0.515313,-0.014404,-0.203044,0.899037,0.217516,-1.706037,0.841224,-0.587051,0.415016
0.075476,0.510356,0.088015,-0.698686,1.611880,0.203006,-0.994980,0.800460,0.952022,-0.521461,0.276716,-1.296464,0.841224,2.119391,-0.982351
-0.077351,-1.013757,0.783548,0.740518,0.933698,-0.484956,-1.063504,-1.236700,1.208703,-0.590996,-1.163823,-0.136007,0.841224,1.668318,-0.007210
-1.212635,-0.279245,-0.066548,-0.169999,-1.033028,-0.646829,-0.446789,0.800460,-0.716406,0.372558,-0.117952,-0.545580,0.416320,-1.038124,0.002843
0.119141,0.730710,-0.452955,-0.375599,0.594608,0.203006,-0.583837,1.207892,0.438659,-0.650598,0.829252,-0.886891,0.416320,0.878939,-1.233676
-0.579496,0.161463,-0.066548,0.358689,-0.558301,0.101835,-0.926456,0.393028,-0.203044,-0.511528,0.079382,-0.613842,0.841224,-0.812588,-0.680761
0.053644,-0.150705,0.628985,-1.462346,-0.151392,-0.201677,1.540402,0.800460,0.310319,-1.634019,-0.039018,1.229236,0.841224,-0.587051,-2.198764
0.621286,-0.058891,-0.221111,0.652404,0.933698,0.466050,-0.857932,-0.014404,1.850406,-2.647242,-0.098219,-0.272532,0.416320,0.991707,-2.580778
-0.186513,-0.885217,-0.066548,-0.698686,-0.151392,-0.383785,-1.063504,-0.421836,1.465384,-1.564484,-1.163823,1.297498,0.841224,0.653402,-0.942139
-1.278132,-0.738315,-0.375674,0.623032,-1.304300,-0.323082,-0.926456,-0.829268,-0.459725,-0.034717,-0.552087,-0.409056,0.416320,-1.038124,0.053108
-0.928814,-0.793403,-0.066548,-0.904287,-0.693937,-0.626595,-0.378265,-1.644133,-0.203044,-0.332724,-0.749421,0.478352,0.841224,-0.587051,-0.982351
-0.906982,-0.462873,-0.684799,0.652404,0.458971,-0.039804,-0.857932,-0.421836,0.952022,-1.624086,-0.571821,-0.545580,0.841224,0.653402,-1.293994
-0.710490,-0.242519,0.010734,0.946119,1.679698,0.020898,-1.132027,0.800460,2.107087,-0.988338,-0.098219,-1.296464,-1.283296,2.119391,-1.283941
-0.775987,-0.830129,0.319859,0.681775,1.069335,-0.909873,-1.063504,0.393028,0.438659,-0.898936,-0.808622,-1.296464,0.416320,0.202328,-0.318853
-0.252010,0.106374,1.092673,0.799261,1.204971,0.223240,-0.857932,0.800460,3.390494,-0.541328,0.237250,-0.409056,-0.008584,1.442781,-0.087634
0.293800,0.510356,0.010734,0.623032,0.187699,0.041133,-0.446789,0.393028,0.310319,0.521562,0.651651,-1.091678,0.841224,-0.361514,0.505493
-0.317507,0.326728,0.088015,1.210463,-0.083574,-0.302848,-0.378265,0.800460,0.310319,0.432160,0.454317,-1.091678,0.841224,-0.023209,0.324539
0.162806,-1.307562,0.397141,-1.991033,-0.287028,-0.586126,1.540402,1.207892,0.053637,0.889103,-1.499291,3.004053,1.266128,-0.587051,1.138833
-0.033686,-0.701589,-0.607518,-1.521089,0.323335,-0.302848,1.471878,0.800460,-1.229769,-0.014850,-0.512620,2.184907,0.841224,-0.812588,-0.238429
0.009979,-0.591412,-0.993925,0.211831,0.730244,-0.383785,0.238449,0.800460,0.438659,0.640764,-0.552087,1.434023,-0.008584,0.427865,0.957879
0.119141,0.051286,-0.452955,1.327949,-0.829573,-0.242146,1.129259,-0.829268,-0.973088,1.197043,0.237250,0.068779,-1.708200,-1.038124,1.028250
-0.121015,0.749073,0.474422,-0.610572,-0.287028,-0.019570,0.032878,0.800460,-0.203044,0.014950,0.592451,0.068779,0.841224,0.202328,-0.449542
0.599454,-0.022165,-0.221111,0.211831,1.204971,0.324411,0.649592,0.800460,-1.229769,-1.047940,0.079382,-1.091678,0.841224,0.653402,-0.932086
-0.011853,0.069649,0.165296,0.182459,-0.083574,0.283942,-1.132027,0.800460,0.053637,-0.362525,0.099116,-0.272532,0.416320,0.653402,-0.097687
-0.775987,0.510356,-0.221111,-0.111256,0.594608,-0.080272,0.101401,-1.644133,0.695340,-0.342657,0.276716,-0.204269,0.841224,0.202328,-0.871768
0.490292,-0.040528,0.319859,0.828633,2.357879,-0.100507,-1.200551,-0.829268,1.850406,-1.246611,0.059649,-1.023415,-0.858392,2.344928,-1.223623
0.337465,-0.150705,1.633643,0.711147,1.340607,0.061367,-1.748742,-0.829268,0.438659,-0.372458,-0.117952,-1.569513,-0.433488,0.991707,0.022949
-0.666825,0.234914,0.088015,1.004862,0.458971,-0.181443,-0.994980,0.393028,0.053637,0.819568,0.474051,-1.569513,-0.008584,0.427865,0.786977
0.599454,1.189780,1.092673,1.298577,0.187699,0.708860,-1.337599,-0.421836,1.208703,0.660631,0.927919,-0.613842,-1.708200,-0.023209,0.897561
-0.383004,0.840887,1.169955,1.327949,-0.693937,0.243474,0.444021,0.800460,-0.973088,1.167243,0.671385,0.137041,0.841224,0.427865,1.088568
-0.121015,1.850841,1.015392,1.592292,-1.168664,0.911201,-0.652361,0.800460,0.053637,0.918904,1.322588,-0.886891,0.841224,-0.812588,0.897561
0.861442,2.603716,0.860829,1.298577,-0.287028,1.477758,-1.474647,0.800460,-0.459725,0.750033,2.171124,-1.432988,0.841224,-0.587051,0.435122
2.193218,1.391771,2.097332,-0.581200,0.458971,1.801504,-1.817266,0.800460,0.053637,-0.412192,1.401521,0.068779,0.841224,0.653402,-0.489754
0.162806,0.088012,0.088015,1.651035,0.323335,0.081601,-1.200551,-1.236700,0.695340,0.511628,-0.078485,-0.955153,-0.858392,0.878939,0.887508
0.140973,0.234914,0.088015,0.182459,0.594608,0.283942,-1.132027,-0.829268,1.722065,0.422226,0.178049,-0.818629,0.841224,0.991707,0.254168
0.468459,0.473631,1.015392,1.474806,-0.558301,0.526752,-0.789408,-0.421836,0.053637,-0.114186,0.395117,-0.204269,-0.433488,-0.812588,-0.117793
0.839610,0.381817,0.706266,-0.816172,-0.693937,0.931436,-0.720884,0.393028,0.053637,-0.034717,0.434584,0.205304,1.266128,-1.263661,0.012896
0.533956,-0.095616,-0.143829,-1.139259,-0.422665,-0.080272,1.745973,1.207892,-0.973088,-0.004917,-0.078485,1.229236,0.841224,-0.023209,-0.007210
-0.470334,-0.205793,-0.298392,1.709778,-0.287028,-0.019570,-0.720884,-1.644133,-0.716406,0.054685,-0.117952,0.205304,-1.283296,0.427865,-0.007210
0.271968,0.216551,0.088015,0.358689,-0.693937,0.081601,0.238449,0.800460,-1.229769,-0.034717,0.335917,-0.067745,-0.433488,-0.248745,-0.107740
0.468459,0.987789,0.474422,1.151720,0.933698,0.708860,-0.857932,-1.236700,-0.973088,-0.203588,1.144987,-1.774299,0.841224,1.217244,-0.610390
1.429085,1.153054,1.942769,0.799261,-0.422665,1.315885,0.238449,0.393028,-0.459725,-1.306212,0.631918,0.205304,-1.708200,0.653402,-1.062775
0.184638,1.079603,0.242578,1.533549,0.933698,0.870733,-0.994980,-1.236700,0.952022,-1.246611,1.302854,-1.296464,-0.433488,1.442781,-1.877068
0.446627,0.106374,3.179272,0.182459,0.594608,-0.161209,-0.789408,0.800460,0.695340,-1.425415,0.178049,-1.296464,-0.008584,-0.812588,-0.962245
-0.470334,0.124737,0.319859,1.445435,-0.829573,0.081601,-1.200551,-1.644133,0.053637,0.352691,0.099116,-1.501251,-0.433488,-0.361514,0.364751
-0.077351,-0.022165,0.783548,-0.463714,0.052062,0.708860,-0.720884,0.393028,0.952022,0.124220,0.099116,-0.067745,0.416320,-1.038124,0.103373
-0.448501,-0.775040,-0.221111,-0.698686,0.187699,-0.242146,-1.063504,-0.421836,0.952022,0.154020,-1.144090,0.478352,0.841224,-0.587051,0.244115
-0.470334,-0.775040,0.165296,0.270574,0.933698,-0.586126,-0.241218,-1.236700,-0.203044,-0.491661,-0.828355,-0.682105,0.841224,0.427865,-0.479701
-0.906982,-0.591412,-0.221111,1.269206,1.069335,-0.707531,0.444021,0.393028,0.310319,-0.004917,-0.492887,-0.477318,0.416320,1.668318,0.274274
-0.688658,-0.591412,0.165296,1.474806,-0.693937,-0.404019,-1.406123,0.393028,-0.973088,1.057974,-0.611287,-0.545580,-0.008584,-0.361514,1.028250
-1.234468,0.253277,0.551703,1.122348,0.730244,-0.019570,-1.406123,-0.829268,0.438659,0.163954,0.474051,-1.910824,-1.283296,0.991707,-0.158005
-0.230177,-0.169068,0.397141,0.593661,0.187699,-0.383785,-1.269075,0.800460,1.208703,0.322891,-0.098219,-1.432988,-1.283296,0.991707,0.626129
-0.230177,0.473631,0.242578,1.592292,-0.422665,0.526752,-1.337599,-0.829268,0.438659,1.008306,0.355650,-0.477318,-1.708200,0.653402,1.028250
-0.208345,-0.205793,0.551703,1.092977,0.052062,0.243474,-0.994980,0.393028,-0.459725,1.375847,-0.275819,0.205304,-1.708200,0.991707,1.510794
0.402962,0.345091,0.860829,0.564289,-0.829573,0.324411,-0.035646,0.800460,-1.358110,1.673854,0.631918,-0.136007,0.416320,0.427865,1.661589
0.119141,0.308365,0.860829,1.856636,0.187699,0.769562,-0.172694,-1.644133,-0.716406,1.554651,0.217516,0.751401,-1.708200,1.217244,1.581165
-0.055518,0.381817,1.401799,0.652404,-0.965210,0.364879,0.718116,0.800460,-1.358110,1.435449,0.395117,0.478352,-1.708200,0.427865,1.380105
0.031811,1.446859,0.938111,1.886008,-0.829573,1.052841,-0.652361,-2.051565,-0.716406,1.018239,1.835656,-1.296464,-1.708200,-0.023209,0.847296
1.014269,2.218097,1.247236,1.915379,0.594608,1.477758,-1.543170,-2.051565,0.310319,0.571229,2.467126,-2.388659,-1.708200,-0.248745,0.284327
1.494582,1.759027,2.947428,0.534918,0.730244,1.943144,-2.091361,-1.644133,0.310319,-0.253255,1.085786,-0.272532,0.841224,0.991707,-0.409330
0.905107,-0.554687,1.092673,-1.991033,-0.287028,0.162538,1.334830,1.207892,0.053637,0.700366,-0.394220,1.843596,1.266128,-0.361514,0.927720
0.883275,1.299957,-0.916644,0.887376,0.458971,0.425582,1.951545,1.207892,-0.716406,0.899037,1.658056,-0.340794,-1.283296,0.991707,0.766871
1.036102,2.071195,0.474422,1.474806,-0.287028,1.700334,-0.446789,-1.236700,0.310319,0.859303,2.111924,-1.364726,-0.858392,-0.587051,0.766871
1.276258,1.795753,2.329176,1.856636,-0.829573,1.983612,-1.611694,-0.829268,0.310319,1.018239,1.875123,-1.023415,-0.433488,0.427865,1.028250
1.407252,1.795753,1.865488,1.886008,-0.693937,1.983612,-1.406123,0.393028,-0.973088,1.157309,1.875123,-1.296464,0.841224,0.427865,1.098621
1.298090,2.089558,1.942769,1.886008,0.052062,1.801504,-1.680218,-1.644133,-0.459725,0.948704,1.914590,-0.477318,-1.708200,0.878939,0.786977
1.123431,2.401725,2.329176,1.856636,-0.151392,2.105017,-2.159885,-1.644133,0.310319,0.551362,2.624993,-1.842561,-1.708200,-0.248745,0.364751
1.232593,2.291549,2.792865,1.827265,0.798062,1.862207,-1.337599,-0.421836,-0.203044,0.034818,2.526326,-1.296464,-0.858392,-0.587051,-0.168058
1.210761,1.299957,1.633643,0.123716,-0.693937,1.578929,-0.857932,0.800460,-0.973088,-0.024784,1.302854,0.273566,-0.858392,0.653402,0.093320
1.581911,0.859250,0.783548,-0.992401,-0.965210,0.971904,1.677449,1.207892,-1.165599,0.303024,0.434584,2.526217,0.841224,-0.587051,0.254168
1.887565,0.969426,-0.452955,-1.932290,0.323335,1.275416,1.883021,1.207892,-1.358110,0.005017,0.987119,1.570547,1.266128,-1.714735,-0.117793
1.429085,0.785798,-0.684799,0.446803,0.187699,1.154011,1.266306,0.800460,-0.716406,-0.024784,0.750318,0.273566,-0.858392,0.653402,0.284327
1.298090,0.528719,1.015392,0.035602,-0.829573,0.789796,0.649592,0.800460,-0.459725,0.968572,0.572718,0.341828,-1.708200,-0.248745,1.078515
1.429085,1.501948,1.015392,1.004862,-0.829573,1.073075,0.032878,-0.014404,-0.459725,0.839435,1.756723,-0.136007,0.841224,0.202328,0.495440
1.516414,2.713893,1.633643,0.975490,2.222243,2.226422,-1.337599,0.800460,0.310319,-0.114186,2.684193,-1.091678,0.841224,-0.587051,-0.439489
2.149554,1.024515,1.556362,-1.902918,0.730244,1.963378,-0.241218,1.207892,-0.973088,-1.097607,-0.453420,2.935790,1.266128,1.893855,-0.821503
0.795945,-0.591412,-1.303051,-1.991033,0.933698,0.081601,1.608926,1.207892,1.465384,-0.173787,-0.729688,2.457955,1.266128,0.991707,-0.117793
0.009979,-0.811766,-0.530236,-1.991033,1.950970,-0.687297,1.814497,1.207892,3.390494,-0.948604,-1.104623,2.253169,1.266128,2.457697,-0.871768
0.053644,-0.407784,-0.684799,-0.698686,0.187699,0.081601,-0.789408,0.800460,1.208703,0.163954,-0.394220,0.205304,0.841224,0.653402,0.495440
0.446627,-0.058891,-0.221111,-0.522457,-0.829573,0.223240,-0.720884,0.800460,-0.973088,0.471894,0.138582,-0.067745,0.841224,0.202328,0.435122
0.359297,-0.132342,-0.143829,-1.609203,-1.168664,0.223240,0.306973,0.800460,-1.614791,-0.292990,-0.078485,1.092712,0.841224,-0.812588,-0.610390
1.057934,0.565445,0.628985,-1.051144,0.594608,0.749328,-0.172694,0.393028,-1.229769,-1.494950,0.770052,-0.818629,0.841224,-0.812588,-1.404577
-0.121015,0.308365,0.010734,1.092977,0.594608,0.041133,-0.789408,-0.014404,-0.716406,-0.471794,-0.039018,0.137041,-0.433488,-0.812588,-0.278641
0.905107,0.785798,1.169955,-0.052513,1.476243,1.275416,-0.857932,0.800460,2.107087,-0.799601,1.026586,-1.364726,-0.433488,1.668318,-0.248482
1.363587,1.336683,1.401799,0.652404,0.798062,1.396821,-1.543170,-1.644133,3.133812,0.094419,1.362054,-1.432988,0.841224,0.653402,0.264221
1.407252,0.785798,1.556362,-0.581200,-0.693937,0.850499,-0.515313,0.800460,-0.716406,0.412293,0.987119,-0.067745,0.841224,-0.361514,0.404963
1.057934,1.024515,0.088015,1.004862,-0.829573,1.275416,-0.720884,-1.236700,-0.203044,0.243422,1.105520,-0.204269,-0.008584,-0.023209,0.183797
1.516414,1.630487,1.324518,-0.933658,-0.965210,1.619397,-0.583837,0.800460,0.053637,-0.412192,1.973790,-1.637775,0.841224,-1.038124,-0.680761
2.346045,1.483585,0.860829,0.887376,0.594608,2.610871,-1.543170,0.800460,1.465384,-1.564484,1.184454,-1.569513,-0.008584,1.893855,-1.304047
0.140973,0.675621,1.169955,1.386692,-0.151392,0.769562,-1.680218,0.800460,0.952022,-0.243322,0.789785,-0.545580,-1.283296,-0.023209,-0.509860
1.014269,0.932701,1.942769,0.858004,0.052062,1.558695,-1.474647,0.800460,0.438659,-0.491661,0.020182,1.297498,0.841224,0.427865,0.002843
0.184638,0.400179,0.088015,0.916747,-0.422665,0.546987,-0.926456,-0.829268,-1.229769,0.740100,0.454317,-0.409056,-0.858392,0.427865,0.867402
0.621286,1.189780,1.092673,1.533549,0.052062,1.113543,-0.241218,0.393028,-0.716406,0.014950,1.342321,-0.682105,-1.708200,0.653402,-0.147952
1.319923,2.273186,1.169955,-0.581200,0.933698,1.518226,0.444021,0.800460,-0.973088,-0.988338,2.032991,-0.545580,0.416320,-0.248745,-1.706167
2.171386,0.804161,2.020051,1.386692,1.950970,1.720568,-1.611694,-1.236700,2.107087,-1.951893,0.592451,-1.296464,-0.858392,0.991707,-1.243729
0.664951,1.006152,1.633643,0.211831,0.730244,0.890967,-1.269075,0.800460,1.465384,-0.114186,1.204187,-0.955153,0.416320,1.668318,-0.147952
1.472749,1.226506,0.242578,0.123716,-0.558301,1.073075,-0.857932,0.800460,0.310319,-0.163853,1.263387,-1.091678,-0.433488,-1.038124,-0.338959
1.123431,1.153054,2.561021,0.593661,0.798062,1.396821,-1.200551,0.800460,1.208703,-1.057873,1.381788,-1.364726,0.841224,0.991707,-1.183411
0.468459,0.143100,1.556362,0.799261,0.730244,0.425582,-1.680218,-1.644133,0.695340,-0.749933,-0.098219,-0.750367,0.416320,1.442781,-0.409330
0.359297,0.638896,0.706266,-0.287485,0.187699,0.668392,-0.720884,-0.014404,1.850406,0.283156,0.316183,1.092712,0.841224,-0.587051,0.535652
0.905107,0.804161,0.165296,1.357320,-0.422665,0.810031,0.375497,0.800460,-0.459725,0.710299,0.848985,0.683139,1.266128,0.878939,0.626129
1.079766,2.475177,1.015392,1.709778,0.730244,1.781270,-1.063504,0.800460,1.208703,0.163954,2.467126,-1.296464,0.841224,-0.023209,-0.278641
2.717196,2.622079,2.638302,1.210463,0.730244,2.550168,-0.789408,-1.644133,0.310319,-0.650598,0.967386,0.887925,-1.708200,1.668318,-0.529966
1.516414,1.465222,1.942769,0.858004,-0.151392,0.931436,0.718116,0.800460,-1.871472,-0.412192,1.559389,-0.340794,-1.708200,-0.587051,-0.841609
1.385420,0.290003,1.942769,0.681775,1.340607,0.587455,-1.885789,-0.829268,3.133812,-1.753222,0.395117,-1.296464,-0.433488,1.668318,-1.304047
1.210761,1.703939,1.479081,1.768522,1.069335,1.295650,-1.200551,0.800460,1.722065,-0.958538,1.875123,-1.501251,-0.008584,1.893855,-1.223623
1.319923,0.914338,2.792865,1.034234,-0.083574,0.951670,-0.720884,0.800460,0.695340,-1.226744,1.026586,-1.091678,0.416320,-0.023209,-0.982351
0.621286,1.024515,1.633643,0.182459,0.458971,0.668392,-0.926456,0.800460,-0.716406,-0.928737,1.184454,-1.569513,-0.008584,1.442781,-1.022563
0.184638,0.767436,1.092673,0.828633,-0.287028,0.546987,-2.022837,0.393028,-0.203044,-0.243322,0.513517,-1.159940,0.841224,0.653402,-0.047422
1.341755,1.226506,1.169955,-0.610572,0.052062,0.951670,-0.172694,0.800460,-0.203044,-0.223455,1.579122,-1.296464,-0.008584,-0.248745,-0.178111
1.145263,0.822524,0.706266,1.034234,-0.693937,0.992138,0.101401,0.393028,-0.973088,0.173887,0.730585,0.205304,-0.433488,0.653402,0.203903
1.712906,3.099512,0.706266,-1.286117,1.679698,1.841973,-1.748742,0.800460,0.310319,-0.670465,3.098595,-1.910824,0.841224,0.202328,-1.273888
1.145263,1.024515,3.179272,1.621664,0.594608,1.154011,-1.954313,-1.644133,-0.716406,-0.064518,1.105520,-1.091678,-1.708200,-0.248745,0.012896
1.210761,1.520311,1.633643,1.533549,-0.287028,1.275416,-1.337599,-0.421836,0.310319,-0.322790,1.184454,-0.477318,0.416320,0.202328,-0.288694
1.341755,0.491993,1.788206,0.476175,-0.083574,1.093309,-0.378265,-0.421836,-1.229769,-0.292990,0.355650,0.410090,0.416320,1.217244,0.063161
0.817778,0.895975,0.397141,0.593661,-0.422665,0.668392,0.306973,0.800460,-1.229769,0.789768,0.809519,0.205304,-0.858392,0.878939,0.867402
0.686783,1.685576,1.942769,1.680407,0.323335,1.477758,-0.515313,-0.421836,-0.459725,0.561296,1.894857,-0.750367,-1.708200,0.427865,0.294380
1.734738,1.942655,1.788206,-1.609203,2.222243,1.902675,-0.652361,0.800460,0.952022,-0.749933,2.032991,-0.272532,0.841224,0.991707,-1.515160
1.079766,-0.187430,0.860829,-1.403603,0.798062,0.425582,-0.035646,0.800460,-0.973088,-1.415481,-1.084890,2.594480,0.841224,-0.361514,-1.123093
0.053644,0.198188,-0.221111,-0.081884,-0.287028,0.283942,-1.063504,0.800460,0.310319,0.124220,0.118849,-0.545580,0.841224,0.202328,0.213956
1.123431,0.326728,0.628985,1.092977,0.933698,0.749328,0.306973,0.800460,2.107087,0.461960,0.335917,-1.023415,-1.708200,1.217244,0.947826
0.097309,0.473631,1.633643,1.592292,-0.965210,0.364879,-0.926456,-1.236700,-0.459725,1.316246,0.612184,-1.432988,-1.708200,-0.812588,1.168992
0.075476,0.602170,1.092673,1.739150,-0.083574,0.708860,-0.104170,0.800460,-0.973088,0.700366,0.691118,0.478352,-0.008584,0.878939,0.555758
0.774113,2.548628,0.860829,0.681775,-1.033028,1.113543,0.169925,0.800460,0.310319,0.044751,2.486859,-2.115610,-1.283296,-0.023209,-0.168058
2.040392,2.401725,2.020051,0.623032,0.730244,3.784452,-3.393314,-0.421836,0.695340,-0.779734,0.474051,0.956187,0.416320,1.893855,-0.037369
1.145263,0.638896,1.401799,-0.111256,-0.693937,0.688626,1.403354,0.800460,-0.973088,0.372558,0.868719,0.137041,-1.708200,0.202328,0.485387
1.538247,0.877612,1.092673,0.211831,-0.558301,1.214714,0.923687,0.800460,-1.871472,0.034818,1.006853,0.751401,1.266128,0.653402,-0.107740
1.538247,1.226506,0.088015,1.416063,-0.422665,1.821739,0.101401,-1.236700,-0.459725,-0.938671,1.204187,-0.136007,-1.708200,0.878939,-0.811450
0.970604,1.612125,2.792865,0.182459,-0.083574,1.194480,-1.474647,0.800460,0.695340,-0.521461,1.658056,-1.637775,0.841224,0.202328,-0.449542
0.839610,1.318320,1.401799,1.592292,-0.151392,1.255182,-0.994980,-0.421836,-0.459725,-0.491661,1.480455,-0.955153,-0.858392,-0.248745,-0.409330
1.472749,1.850841,1.710925,1.181091,-0.558301,1.356353,0.375497,0.393028,-0.973088,-0.074451,2.230325,-0.545580,-0.008584,-0.248745,-0.379171
1.516414,0.859250,1.556362,-0.199370,-0.693937,1.275416,0.238449,0.800460,0.310319,-0.094319,0.750318,0.341828,0.841224,0.653402,0.063161
1.057934,1.961018,0.397141,1.034234,-0.829573,1.578929,-0.035646,-1.644133,-0.716406,-0.024784,2.092191,0.546614,-1.708200,0.202328,-0.057475
2.520704,3.356591,1.169955,1.709778,-0.829573,2.813212,-0.446789,-1.644133,0.053637,-0.441993,3.374863,-0.682105,-1.708200,0.427865,-0.761185
3.197509,1.795753,2.638302,-1.726689,0.458971,3.116725,-0.720884,0.800460,-1.229769,-1.127408,1.006853,2.253169,1.266128,0.878939,-0.801397
0.948772,0.124737,-0.221111,-0.581200,0.052062,0.425582,-0.720884,0.800460,-0.203044,-0.372458,-0.354753,1.229236,0.841224,-0.248745,-0.379171
-0.011853,-0.334333,-0.143829,0.975490,1.069335,-0.565892,0.581068,-0.014404,0.695340,-0.134053,-0.177152,-0.682105,0.416320,0.991707,0.334592
-0.033686,0.528719,1.247236,-1.139259,-0.151392,0.283942,-1.063504,-0.829268,0.310319,0.342758,0.592451,-0.477318,0.841224,-0.248745,0.404963
1.145263,0.234914,0.088015,-1.521089,-0.558301,0.729094,0.032878,0.800460,-0.973088,0.670565,0.178049,1.024450,0.841224,-0.023209,0.937773
0.817778,0.620533,-0.066548,1.210463,-0.422665,0.627923,0.649592,-0.421836,-1.229769,1.177176,0.730585,0.068779,-1.708200,0.202328,1.249416
1.363587,0.381817,1.247236,1.151720,-0.287028,0.729094,0.101401,0.800460,-0.716406,1.077841,0.434584,0.273566,-0.858392,0.878939,1.108674
0.599454,0.583807,1.015392,1.651035,0.323335,0.931436,-0.583837,-1.644133,-0.973088,0.829502,0.651651,0.068779,-1.708200,0.991707,0.857349
0.206471,1.318320,1.556362,1.797893,-0.558301,0.668392,0.306973,-1.644133,-0.973088,0.849369,1.460721,-0.136007,-1.708200,0.653402,0.807084
1.363587,2.016106,1.479081,1.680407,-0.151392,1.619397,-0.720884,0.393028,-0.459725,0.601030,1.835656,-0.204269,-1.708200,0.653402,0.435122
2.302380,0.693984,1.324518,-1.844175,-0.422665,1.336119,0.992211,1.207892,0.438659,0.014950,0.868719,1.160974,0.841224,-1.489198,0.113426
1.669241,1.116329,-0.221111,0.006230,-0.965210,0.850499,1.883021,1.207892,0.438659,0.283156,1.125253,0.410090,-1.283296,0.202328,0.264221
1.560079,2.309911,0.628985,0.358689,0.798062,2.125251,-0.652361,0.800460,0.438659,-0.740000,2.368459,-0.955153,0.841224,1.217244,-1.404577
0.992437,0.308365,1.633643,0.388060,0.458971,0.425582,-1.406123,-0.014404,1.850406,-0.879069,0.395117,-1.023415,-0.433488,0.653402,-0.690814
-0.295675,0.969426,0.706266,1.298577,0.052062,0.506518,-0.926456,-0.014404,0.438659,-0.789667,0.868719,-0.272532,0.841224,0.202328,-0.529966
0.861442,0.712347,0.706266,0.593661,-0.829573,0.486284,0.512544,0.800460,-1.229769,-0.104252,0.770052,0.000517,-0.858392,0.427865,-0.298747
1.101599,0.124737,1.556362,0.035602,3.307333,1.295650,-0.652361,0.800460,0.695340,-2.398903,-0.295553,-0.340794,0.841224,3.359844,-1.836856
0.315632,0.620533,1.247236,0.123716,2.357879,0.769562,-0.583837,0.800460,0.952022,-1.336013,0.829252,-1.023415,0.841224,1.893855,-1.314100
0.643118,0.124737,1.015392,0.299946,1.476243,0.101835,-1.200551,0.800460,0.952022,-0.908870,0.099116,-0.682105,0.841224,1.442781,-0.620443
0.817778,0.987789,0.860829,-1.198002,0.933698,0.789796,-0.926456,0.800460,0.695340,-0.700265,1.164720,-0.750367,0.416320,1.442781,-0.821503
1.385420,0.106374,0.474422,-1.051144,-0.422665,0.627923,0.032878,0.800460,0.310319,-0.203588,0.197783,0.205304,0.841224,-0.023209,0.133532
0.664951,-0.205793,0.474422,-0.639943,-0.287028,0.162538,-0.789408,0.800460,0.053637,1.028173,-0.137685,-0.340794,-0.008584,0.202328,1.380105
0.774113,0.069649,0.474422,0.123716,-0.693937,0.061367,-0.583837,0.800460,-0.716406,1.355980,0.138582,-0.272532,-1.708200,0.202328,1.249416
0.097309,0.583807,0.088015,0.035602,-0.965210,0.061367,0.512544,0.800460,-0.459725,0.680499,0.789785,-0.272532,0.416320,-0.248745,0.545705
0.293800,1.006152,0.010734,1.680407,-0.693937,0.324411,0.718116,-1.644133,-0.973088,0.531495,0.947653,0.205304,-1.708200,0.202328,0.445175
0.839610,1.079603,0.938111,-1.814804,-1.168664,1.194480,0.169925,0.800460,0.053637,-0.084385,0.493784,2.116644,1.266128,-0.361514,-0.349012
1.909397,0.638896,-0.916644,-1.227374,0.798062,1.234948,1.951545,1.207892,-0.459725,-1.604219,0.750318,1.434023,0.841224,-1.263661,-1.434736
0.577621,-0.187430,-0.066548,-0.140627,-0.287028,0.061367,-0.720884,0.800460,0.310319,0.044751,-0.177152,0.205304,0.841224,0.878939,0.535652
0.228303,0.602170,0.242578,1.327949,-1.168664,0.020898,0.032878,-1.236700,-1.229769,0.839435,0.750318,-0.613842,0.416320,-0.587051,0.726659
-0.470334,1.538673,0.319859,0.564289,-0.151392,0.405347,0.375497,-0.014404,-0.459725,0.442093,1.579122,-1.159940,0.841224,-0.023209,-0.007210
1.210761,1.538673,1.247236,-1.286117,0.458971,1.396821,-0.104170,0.800460,-0.459725,-0.869136,0.750318,1.502285,0.841224,-0.587051,-1.223623
0.948772,0.253277,0.783548,-0.258113,0.187699,0.789796,-0.446789,-1.236700,1.208703,-0.074451,0.158316,1.160974,0.841224,-0.587051,0.274274
0.839610,0.657259,-0.530236,1.151720,-1.033028,0.486284,0.855163,0.800460,-0.973088,0.293090,0.750318,0.546614,0.416320,-0.812588,0.113426
0.795945,1.244868,-0.066548,0.975490,0.323335,0.890967,0.992211,-1.644133,-0.459725,-0.491661,1.519922,0.068779,0.416320,-0.587051,-0.831556
0.795945,0.473631,1.247236,0.241202,-0.151392,0.506518,-1.269075,-1.644133,-0.203044,-0.153920,0.552984,-1.159940,0.416320,-0.023209,0.012896
0.424794,0.088012,0.628985,-0.493086,-0.558301,0.061367,0.032878,0.800460,-0.716406,0.332824,0.158316,0.205304,0.841224,-0.812588,0.696500
0.031811,0.418542,-0.452955,1.416063,-0.558301,0.000664,0.444021,-1.644133,-0.459725,1.405648,0.631918,-0.204269,-1.708200,-0.361514,1.490688
0.643118,0.400179,-0.298392,1.533549,-0.558301,0.445816,0.855163,-1.644133,-0.203044,1.554651,0.612184,0.614877,-1.708200,-0.023209,1.520847
1.319923,0.510356,0.551703,-0.081884,-0.693937,0.789796,0.786640,0.800460,-0.973088,1.445382,0.612184,1.229236,-1.708200,0.427865,1.510794
1.014269,1.134692,0.242578,1.239834,-0.083574,0.789796,0.649592,0.800460,-0.716406,1.445382,0.730585,1.229236,0.416320,1.217244,1.460529
1.101599,2.071195,0.088015,1.416063,-0.287028,0.911201,0.649592,0.800460,0.053637,1.236778,1.598855,-0.204269,-0.008584,-0.587051,0.827190
1.669241,1.116329,1.092673,1.445435,-0.287028,1.376587,0.101401,-1.236700,0.310319,0.412293,1.302854,-1.091678,-1.708200,-1.038124,0.606023
1.232593,0.381817,0.938111,-0.287485,0.594608,0.688626,-0.789408,0.800460,1.850406,0.134153,0.493784,-0.545580,0.841224,-0.587051,0.183797
0.970604,0.693984,0.938111,-0.258113,-0.422665,0.971904,-0.857932,0.800460,0.695340,0.312957,0.730585,-0.204269,0.841224,-0.361514,0.525599
0.315632,0.455268,0.010734,0.417432,-0.422665,0.385113,0.718116,0.800460,-0.716406,0.392426,0.671385,-0.067745,-0.858392,-0.361514,0.213956
1.276258,0.161463,0.397141,-1.873547,-0.151392,0.729094,-0.857932,1.207892,-0.459725,-0.253255,0.316183,-0.477318,0.841224,-0.361514,0.033002
0.643118,0.418542,-0.375674,-1.432974,-0.422665,0.122069,-0.378265,0.800460,-1.229769,0.690432,0.493784,-0.204269,0.416320,-0.361514,0.475334
0.992437,2.126283,0.010734,0.887376,0.323335,1.315885,0.032878,-1.236700,0.695340,-0.521461,2.151391,-1.228202,0.416320,-0.587051,-0.741079
1.996727,0.326728,1.942769,-0.023141,3.239515,1.073075,1.403354,1.207892,0.952022,-2.001561,-0.058752,-0.136007,0.416320,1.893855,-1.635796
1.123431,0.473631,1.401799,0.064973,1.950970,1.497992,-0.926456,0.393028,3.518834,-1.852557,0.158316,-0.477318,-0.008584,1.893855,-1.102987
-0.383004,-0.426147,-0.066548,0.916747,0.458971,-0.140975,-0.994980,-0.829268,0.053637,0.839435,-0.256086,-1.023415,-0.858392,0.878939,1.661589
-0.208345,-0.260882,0.088015,-1.080516,-0.829573,-0.707531,0.238449,0.800460,0.053637,2.647342,-0.157419,-0.204269,0.841224,-1.263661,2.727207
-0.186513,-0.205793,-0.452955,-1.726689,-0.558301,0.061367,0.581068,0.800460,-0.716406,2.329468,-0.137685,0.887925,0.841224,0.202328,2.254716
0.730448,1.024515,-0.684799,0.182459,-0.558301,0.344645,0.923687,0.393028,-0.459725,1.326179,1.184454,-0.750367,-0.433488,-0.023209,0.897561
1.167096,0.216551,0.319859,-1.491717,-0.693937,0.708860,0.649592,0.800460,-1.229769,-0.074451,0.316183,2.048382,1.266128,-1.714735,-0.419383
0.402962,0.400179,-0.993925,-0.199370,1.069335,0.000664,2.020068,1.207892,-0.716406,-1.882358,0.572718,0.137041,-0.858392,0.427865,-2.450089
0.293800,-0.334333,-0.762081,-0.757429,0.798062,-0.525424,0.923687,0.800460,-0.203044,-2.408836,-0.196886,0.137041,0.841224,0.202328,-1.555372
0.075476,0.032923,-0.684799,0.534918,-1.033028,-0.019570,-0.789408,-0.421836,-0.716406,0.034818,0.217516,-0.750367,0.416320,-1.038124,0.083267
0.817778,1.171417,-0.221111,0.740518,-0.287028,0.587455,0.512544,-1.236700,-0.716406,-0.531395,1.243654,-0.204269,-0.433488,-0.587051,-0.580231
0.752280,0.822524,0.474422,0.329317,0.458971,0.364879,-0.172694,-1.236700,0.310319,-0.163853,0.809519,-0.682105,0.416320,0.878939,-0.318853
1.145263,0.308365,0.628985,0.035602,1.476243,0.810031,-0.309742,0.800460,0.438659,-0.928737,0.138582,-1.023415,0.416320,1.217244,-0.399277
0.271968,0.418542,0.783548,0.858004,-0.558301,0.041133,-0.035646,0.800460,-0.203044,0.412293,0.631918,-1.364726,-1.708200,-1.038124,0.183797
0.839610,0.785798,0.165296,-0.757429,0.458971,0.769562,-0.926456,0.800460,-0.203044,-0.581063,1.006853,-0.613842,0.841224,0.202328,-0.630496
0.730448,0.345091,0.088015,0.299946,1.476243,0.688626,-0.583837,0.393028,1.465384,-0.700265,0.631918,-1.501251,-0.008584,-1.038124,-0.208270
1.079766,1.006152,0.242578,-0.199370,0.730244,0.830265,-0.583837,0.393028,0.438659,0.263289,0.947653,-0.750367,-1.708200,-0.023209,0.284327
0.555789,1.226506,0.397141,1.151720,-0.558301,0.951670,-0.926456,-1.644133,-0.203044,0.402359,1.046320,-0.682105,-1.708200,-0.023209,0.224009
-0.186513,0.730710,0.474422,0.035602,-0.151392,0.405347,0.375497,-0.014404,-0.716406,-0.143986,0.868719,-0.750367,0.416320,-0.023209,-0.218323
0.315632,-0.444510,-0.221111,-1.227374,-1.033028,0.081601,0.855163,0.800460,-0.459725,0.422226,-0.512620,1.092712,0.841224,-0.248745,0.666341
0.271968,0.161463,-0.530236,0.064973,-0.693937,0.020898,-0.172694,0.800460,-0.459725,0.511628,0.316183,-0.818629,0.841224,0.427865,0.304433
0.817778,0.363454,-0.221111,-1.462346,0.323335,0.122069,1.403354,1.207892,-0.716406,0.154020,0.572718,0.887925,0.841224,-1.263661,-0.258535
0.708616,-0.407784,-0.839362,-0.992401,0.594608,0.000664,1.471878,0.800460,0.695340,0.571229,-0.374486,0.819663,0.841224,-1.038124,1.008144
0.621286,0.693984,-0.375674,0.828633,-0.151392,0.385113,-0.652361,0.800460,0.053637,0.670565,0.987119,-0.682105,0.841224,0.202328,0.314486
0.774113,-0.628138,0.319859,-1.961662,-0.829573,0.405347,1.060735,0.800460,0.053637,0.253356,-0.492887,1.160974,0.841224,-0.023209,0.555758
0.184638,-0.426147,-1.071206,-1.961662,-0.083574,0.122069,0.855163,0.800460,-0.973088,-0.203588,-0.177152,2.253169,0.841224,-1.038124,-1.042669
0.752280,0.308365,-0.762081,0.769890,-0.151392,0.405347,-0.378265,-1.236700,0.695340,-0.769800,0.454317,-0.340794,-1.283296,-1.714735,-1.072828
0.686783,0.088012,0.088015,-0.081884,1.611880,0.526752,-1.474647,-1.644133,0.310319,-2.597574,-0.196886,-0.545580,0.841224,1.893855,-3.284489
-0.579496,-0.077254,-0.298392,-0.228742,1.204971,-0.950341,0.581068,0.800460,2.107087,-2.637308,-0.966489,-0.477318,0.841224,0.878939,-2.138446
-0.230177,-0.719952,-0.066548,0.270574,2.832606,0.364879,-2.228409,-0.829268,3.775515,-1.892292,-0.887555,-1.228202,-0.433488,2.457697,-0.901927
-0.404837,-0.407784,0.551703,0.769890,1.476243,-0.140975,-1.680218,-1.644133,1.208703,0.511628,-0.196886,-0.886891,0.416320,-0.361514,0.817137
-0.972479,-0.389421,-0.684799,0.916747,-1.439937,-0.404019,0.306973,-0.829268,-0.716406,1.018239,-0.512620,0.205304,0.841224,-0.587051,0.817137
-0.492166,-0.187430,-0.143829,0.035602,-1.575573,-0.404019,0.786640,0.800460,-0.716406,0.620897,-0.019285,-0.272532,-0.858392,-1.263661,0.696500
-0.535831,-0.095616,-1.071206,0.975490,-1.304300,-0.464721,0.786640,-1.644133,0.310319,1.038106,-0.078485,0.683139,-1.708200,-0.587051,1.088568
-0.623161,0.198188,-0.839362,0.329317,-1.439937,-0.343316,1.403354,0.393028,-0.459725,1.008306,0.158316,0.614877,0.416320,-0.812588,0.937773
0.293800,0.657259,-0.066548,0.769890,-0.829573,0.324411,0.444021,-1.644133,-0.459725,0.879170,0.533251,0.341828,-1.708200,-0.587051,0.746765
0.031811,0.363454,-0.530236,0.799261,-1.304300,0.162538,0.718116,-0.829268,-0.459725,0.601030,0.118849,0.273566,-0.433488,-0.248745,0.595970
-0.142848,1.042878,-0.607518,-0.522457,-0.965210,-0.100507,0.992211,0.800460,-1.358110,-0.064518,1.381788,-0.750367,0.841224,-1.038124,-0.489754
0.512124,0.547082,-0.452955,0.740518,-0.829573,0.627923,-0.035646,-0.829268,-0.973088,0.005017,0.691118,-0.340794,-1.708200,-0.812588,-0.178111
0.359297,-0.279245,-0.375674,0.593661,1.679698,0.142303,-1.543170,-1.644133,2.877131,-0.273123,-0.117952,-1.023415,-1.708200,0.991707,0.022949
0.140973,-0.150705,0.165296,-0.874915,-0.965210,0.041133,-0.172694,0.800460,-0.973088,1.048040,0.020182,-0.067745,0.841224,-1.714735,1.299681
-0.535831,-0.150705,-0.916644,1.034234,-1.439937,-0.383785,0.718116,-1.644133,-0.203044,1.365914,-0.157419,0.341828,-0.008584,-1.038124,1.319787
-0.121015,0.032923,-0.993925,-0.111256,-0.829573,-0.464721,1.745973,-1.644133,-0.459725,1.365914,0.118849,-1.637775,0.841224,-0.248745,1.259469
0.359297,-0.169068,0.010734,-1.932290,0.323335,0.324411,-0.994980,0.800460,1.722065,0.750033,0.099116,-1.364726,0.841224,0.202328,0.807084
0.926940,1.042878,0.938111,0.740518,0.052062,0.567221,-0.515313,-1.644133,-0.973088,0.829502,1.342321,-2.320397,-1.708200,-1.038124,0.646235
0.730448,-0.150705,0.088015,-1.991033,-0.422665,0.203006,-0.309742,0.800460,-0.203044,0.114286,-0.039018,1.024450,0.841224,-1.263661,-0.057475
-0.317507,0.804161,-1.071206,-0.728058,0.052062,0.607689,-0.035646,0.393028,-1.614791,-0.322790,0.947653,-0.750367,0.841224,-0.023209,-0.660655
0.948772,0.014560,-0.221111,-0.728058,0.933698,0.304177,0.444021,0.800460,-0.459725,-1.296278,0.118849,-1.023415,0.416320,1.217244,-1.293994
0.381130,0.143100,0.319859,-0.199370,1.679698,0.263708,-0.994980,0.800460,-0.203044,0.074552,0.197783,-0.409056,0.841224,2.344928,0.002843
0.424794,-0.169068,0.397141,-1.462346,1.815334,0.385113,-0.652361,0.800460,-0.716406,0.730166,-0.117952,-0.750367,0.841224,-0.023209,0.756818
0.948772,0.602170,-0.066548,-0.375599,2.222243,0.587455,-0.378265,0.800460,0.438659,-0.134053,0.572718,-1.228202,0.841224,1.217244,-0.952192
-0.863317,-0.444510,0.706266,0.476175,0.323335,-0.363551,-0.994980,0.393028,0.053637,0.452027,-0.256086,-0.818629,-0.433488,-0.023209,0.465281
0.053644,0.271640,-0.375674,-0.757429,0.458971,0.364879,-0.926456,0.800460,-0.203044,-0.402259,-0.394220,-0.204269,0.841224,0.427865,-0.459595
-0.994311,-0.848492,-0.375674,-1.991033,2.968243,-1.112215,1.745973,1.207892,-1.229769,-0.501594,-1.163823,1.775334,1.266128,0.991707,-0.419383
-0.339339,-1.013757,-0.839362,-1.991033,2.086607,-0.080272,2.020068,1.207892,4.288878,-0.104252,-0.927022,1.160974,1.266128,1.893855,0.535652
0.184638,-0.793403,-1.148488,-0.845544,0.458971,-0.221912,1.951545,1.207892,0.310319,1.028173,-0.788888,2.116644,0.841224,0.653402,1.239363
0.184638,-0.738315,-1.225769,-0.963030,-0.490483,-0.424253,1.540402,0.800460,-0.459725,1.683787,-0.670488,1.775334,0.841224,-1.038124,1.812384
-0.426669,-0.444510,-1.148488,0.711147,-1.439937,-0.687297,1.334830,-1.644133,-0.459725,1.435449,-0.552087,1.365760,-1.708200,-0.812588,1.128780
-0.295675,-0.830129,-1.071206,-0.287485,0.052062,-0.363551,-0.035646,0.800460,0.438659,0.958638,-1.301957,1.297498,0.416320,0.427865,1.239363
-1.147138,-0.995394,-0.684799,-1.785432,-0.151392,-1.294322,0.649592,0.800460,-0.459725,1.326179,-0.986222,0.410090,0.841224,0.202328,0.998091
-0.557663,-0.352696,-0.916644,-1.844175,-0.287028,0.041133,0.444021,0.800460,0.952022,0.303024,-0.137685,0.614877,0.841224,-1.038124,0.123479
0.250135,-0.628138,-1.071206,-1.609203,-0.422665,-0.302848,1.471878,0.800460,-1.229769,0.332824,-0.413953,0.478352,-1.283296,-0.530667,0.404963
-0.099183,-0.499598,-0.762081,-0.933658,2.222243,-0.262380,-0.035646,0.393028,-0.716406,0.223555,-0.591554,0.137041,0.841224,-0.023209,-0.087634
0.424794,-0.536324,-0.607518,-0.786801,1.611880,0.142303,-1.269075,-1.236700,-1.358110,-0.451926,-0.374486,0.273566,0.841224,0.202328,-0.278641
0.184638,-0.499598,-0.607518,-0.258113,1.611880,-0.019570,-0.926456,0.800460,2.620450,-0.432059,-0.394220,0.205304,0.841224,0.991707,-0.610390
0.643118,-0.664863,0.010734,0.505546,1.069335,0.203006,-1.885789,0.393028,0.053637,-0.173787,-0.690221,-0.750367,-1.708200,2.683233,0.234062
-0.775987,-0.352696,-0.298392,0.388060,1.815334,0.324411,-0.857932,-0.421836,1.465384,0.332824,-0.117952,-0.272532,-1.283296,0.878939,0.344645
-0.230177,-0.793403,-0.221111,0.388060,-0.829573,-0.181443,-0.994980,-1.644133,-1.229769,0.968572,-0.729688,-0.340794,-1.708200,-0.023209,1.199151
-1.212635,-1.013757,-0.916644,0.417432,-1.304300,-1.597834,1.266306,-0.421836,-0.459725,1.624186,-0.907289,0.205304,0.841224,-1.263661,1.510794
-1.016144,-0.719952,-1.225769,0.564289,-1.033028,-1.294322,1.197783,0.393028,0.438659,1.514917,-0.690221,0.683139,-1.708200,-1.263661,1.440423
-1.452792,-0.958668,-0.916644,-1.051144,-1.168664,-1.476429,1.403354,0.800460,-0.203044,1.206977,-0.828355,0.683139,0.841224,-1.489198,1.028250
-0.732322,0.400179,-1.071206,-0.434342,-0.829573,-0.323082,0.786640,0.800460,-0.459725,0.710299,0.671385,-0.409056,-0.433488,-0.248745,0.485387
0.490292,-0.187430,-1.071206,-1.344860,1.204971,0.567221,-0.172694,0.800460,0.952022,-0.600930,0.118849,-0.818629,-0.858392,0.878939,-0.982351
-0.601328,-1.087208,-0.684799,-1.198002,-0.287028,-0.808702,-0.309742,-1.644133,0.695340,0.173887,-1.065156,0.137041,0.841224,-0.587051,-0.107740
-0.732322,-1.087208,-0.452955,0.329317,0.187699,-0.727765,-0.652361,-1.644133,-0.459725,1.127508,-0.927022,-0.340794,-1.283296,-0.587051,1.540953
-0.863317,-0.903580,-0.839362,-0.874915,-1.304300,-1.152683,0.855163,0.800460,-0.459725,1.723522,-0.709955,0.546614,0.841224,-2.053040,1.721907
-0.492166,-1.050482,-1.148488,-1.814804,-1.168664,-0.849170,1.197783,0.800460,-0.459725,1.594385,-0.828355,1.365760,0.841224,-1.714735,1.651536
-1.016144,-1.270836,-1.071206,0.006230,-0.965210,-1.294322,1.608926,-1.236700,0.438659,1.256645,-1.084890,1.092712,0.416320,-0.361514,1.128780
-1.081641,-0.719952,-1.148488,-0.375599,-1.168664,-0.828936,0.375497,0.800460,-0.716406,0.769901,-0.611287,0.751401,-1.708200,-1.489198,0.988038
-0.863317,-0.921943,-1.225769,-0.933658,-1.711209,-0.869405,1.471878,0.800460,-0.203044,1.783123,-0.927022,-0.409056,0.841224,-2.278577,2.043603
-1.321797,-0.756677,-1.148488,0.417432,-1.304300,-1.658537,1.197783,-1.644133,-0.203044,1.991728,-0.690221,0.068779,-1.708200,-0.812588,1.822437
-0.950646,-0.169068,-1.148488,-1.168630,0.052062,0.324411,0.169925,0.393028,-0.203044,0.889103,-0.019285,0.341828,0.841224,0.427865,0.535652
0.206471,-0.205793,-0.452955,-0.081884,0.933698,0.283942,-0.652361,-0.829268,-0.459725,-0.640664,-0.236353,0.000517,-0.433488,-0.361514,-0.469648
-0.732322,-0.481235,-0.375674,0.417432,-0.083574,-0.626595,0.649592,-1.644133,-0.973088,0.422226,-0.315286,-0.409056,-1.283296,-1.263661,0.786977
-1.037976,-0.719952,-1.071206,0.388060,-1.779027,-1.476429,1.266306,-1.644133,-0.716406,1.574518,-0.788888,0.887925,-1.708200,-1.263661,1.581165
-1.758445,-0.481235,-1.071206,-0.404971,-0.965210,-1.172917,1.677449,-1.236700,-1.871472,1.197043,-0.433687,0.273566,0.416320,-0.361514,0.857349
-1.278132,-1.344287,-0.993925,-1.991033,-1.575573,-1.435961,1.745973,0.800460,-0.973088,-0.392325,-1.321691,3.004053,0.841224,-2.278577,-0.791344
-0.710490,-0.646501,-1.380332,-0.728058,-1.033028,-0.768234,1.471878,-0.014404,-0.203044,-1.306212,-0.512620,0.614877,-1.708200,-0.361514,-1.243729
-0.863317,-0.903580,-1.225769,-0.081884,-0.422665,-1.172917,0.786640,-1.236700,-0.459725,-1.226744,-0.749421,-0.545580,-1.708200,-0.023209,-1.173358
-0.797820,-1.068845,-0.684799,-0.786801,0.594608,-0.505190,-0.446789,0.393028,1.465384,-1.971760,-1.203290,0.546614,0.841224,0.427865,-1.696114
-0.230177,-1.197385,-0.762081,-1.403603,-0.151392,-0.727765,-0.172694,0.800460,1.465384,-1.743288,-1.361157,1.775334,0.841224,-0.248745,-1.575478
-0.317507,-1.197385,-0.839362,-1.256745,0.798062,-0.383785,1.129259,0.800460,0.952022,-0.203588,-1.242757,1.911858,0.841224,1.442781,0.364751
-0.426669,-1.325925,-1.303051,-1.168630,-0.287028,-0.970575,1.677449,0.800460,-0.973088,1.276512,-1.341424,1.980120,0.416320,-0.248745,1.571112
-1.016144,-1.068845,-1.380332,0.123716,-1.575573,-1.456195,1.540402,-1.644133,-0.973088,1.773189,-0.966489,0.887925,-1.708200,-1.038124,1.752066
-1.299965,-0.921943,-1.148488,-0.963030,-0.965210,-1.496664,1.471878,0.800460,-1.614791,1.455316,-0.690221,0.546614,0.841224,-0.812588,1.279575
-0.906982,-0.921943,-1.148488,0.358689,-0.287028,-0.707531,0.169925,-1.644133,-0.973088,1.117575,-0.769155,-0.613842,-0.008584,-0.248745,1.209204
-0.972479,-0.775040,-0.839362,-1.139259,-1.033028,-0.909873,0.375497,0.800460,0.310319,0.839435,-0.591554,0.683139,0.841224,-1.263661,0.716606
-0.404837,-1.087208,-1.148488,0.153088,1.069335,-0.545658,-0.720884,-0.829268,0.952022,0.402359,-0.946756,-0.750367,-0.858392,0.878939,0.404963
-0.142848,-1.197385,-0.762081,-1.814804,0.458971,-0.626595,-0.378265,0.800460,-0.203044,0.958638,-0.986222,0.614877,0.841224,-1.038124,1.148886
-0.339339,-0.591412,-0.916644,-0.698686,-0.965210,-0.667063,0.169925,-0.829268,0.053637,1.346047,-0.552087,0.751401,0.416320,-0.587051,1.530900
-0.775987,-0.756677,-0.916644,0.476175,-1.575573,-1.213385,1.197783,-1.644133,-0.459725,1.892392,-0.492887,0.410090,-1.708200,-1.714735,1.953126
-1.147138,-1.289199,-1.071206,-0.199370,-1.575573,-1.496664,1.677449,0.800460,-0.973088,1.922193,-1.065156,1.160974,0.841224,-1.263661,1.852596
-1.365462,-1.289199,-1.303051,0.388060,-1.575573,-1.739473,1.677449,-1.644133,-0.459725,1.365914,-1.223023,1.160974,-0.008584,-0.587051,1.098621
-1.168970,-1.381013,-1.148488,-1.932290,-1.033028,-1.334790,1.608926,0.800460,0.053637,0.283156,-1.203290,2.116644,0.841224,-1.038124,0.143585
-0.972479,-0.958668,-1.303051,-1.051144,-0.151392,-1.233619,1.129259,-0.829268,0.053637,-0.342657,-1.005956,0.956187,0.841224,-0.587051,0.012896
-0.535831,-0.683226,-1.071206,0.358689,-0.422665,-0.606361,-0.172694,-1.644133,-0.203044,1.097708,-0.512620,-0.204269,-1.283296,-0.587051,1.390158
-1.343630,-0.738315,-0.993925,0.417432,-0.083574,-0.950341,0.169925,-1.644133,0.053637,1.504983,-0.690221,0.341828,-0.858392,-0.587051,1.249416
-0.208345,-0.517961,-0.684799,-1.844175,0.730244,-0.242146,-0.652361,1.207892,1.722065,0.173887,-0.236353,-0.613842,1.266128,-0.248745,0.193850
-0.033686,-0.169068,-0.839362,-0.845544,0.323335,-0.039804,-0.104170,0.393028,0.053637,0.034818,-0.552087,0.819663,0.841224,-0.023209,-0.188164
-0.361172,-0.352696,-0.066548,-0.551829,1.679698,-0.302848,0.444021,0.393028,-0.716406,-0.322790,-0.335020,0.410090,0.841224,0.202328,-0.690814
-0.099183,-1.197385,-0.607518,-0.522457,1.204971,-0.586126,-0.241218,-1.236700,0.952022,-2.071096,-1.499291,1.365760,-1.283296,0.653402,-1.987651
-0.601328,-1.289199,-0.607518,-0.757429,0.323335,-1.051512,0.444021,0.800460,-1.614791,-2.160498,-1.144090,-0.340794,-1.283296,0.202328,-1.535266
-0.950646,-1.564641,0.010734,-0.757429,1.679698,-1.375259,0.992211,-0.829268,1.722065,-1.127408,-1.736092,0.614877,-0.858392,0.427865,-0.429436
-0.623161,-1.032120,-1.303051,-0.346228,0.323335,-0.606361,-0.172694,0.393028,0.438659,0.740100,-0.848088,-0.136007,-1.283296,-0.023209,1.058409
-1.452792,-0.995394,-1.303051,0.329317,-0.693937,-1.193151,0.444021,-1.644133,-0.459725,0.948704,-0.808622,0.410090,-0.008584,-0.812588,0.736712
-1.081641,-0.940306,-0.916644,-0.404971,-1.304300,-1.355024,0.786640,0.393028,-0.203044,0.899037,-1.203290,1.434023,0.416320,-1.038124,1.199151
-1.430959,-1.050482,-1.303051,0.534918,-1.439937,-1.395493,1.540402,0.393028,-0.973088,1.147376,-0.828355,0.478352,-1.283296,-1.714735,1.038303
-1.321797,-0.848492,-0.993925,0.182459,-1.304300,-1.557366,1.129259,-1.644133,-0.459725,0.581163,-0.709955,0.068779,0.416320,-1.489198,0.595970
-0.819652,-1.215748,-1.148488,-0.111256,-1.575573,-1.193151,1.883021,0.800460,-1.358110,0.750033,-1.124356,0.956187,-1.708200,-2.053040,0.555758
-1.387294,-1.013757,-1.071206,-0.169999,-1.168664,-1.618069,1.060735,0.800460,-0.459725,-0.312857,-0.927022,0.478352,-0.433488,-1.263661,-0.590284
-1.234468,-0.756677,-1.071206,0.064973,-0.829573,-1.334790,0.923687,0.800460,-0.716406,-1.087674,-0.709955,0.683139,-1.283296,-0.361514,-1.384471
-0.579496,-0.242519,-0.684799,0.358689,2.357879,0.243474,0.032878,-0.829268,1.208703,-1.872425,-0.236353,-0.545580,-0.858392,2.344928,-2.299294
-0.710490,-0.554687,-0.143829,0.358689,0.458971,-0.788468,-0.515313,0.393028,-0.203044,-0.958538,-0.354753,-0.340794,0.841224,-0.248745,-1.273888
0.009979,-1.050482,-1.225769,-1.109887,0.323335,-0.424253,0.238449,-0.014404,0.952022,-1.643953,-1.144090,0.614877,0.841224,-0.248745,-1.575478
-0.535831,-1.307562,-0.762081,-0.904287,0.323335,-0.889639,-0.926456,-0.829268,1.208703,-1.773089,-1.361157,0.273566,0.841224,0.991707,-1.485001
-1.125306,-1.160659,-0.762081,0.035602,-0.965210,-0.970575,-0.241218,-1.644133,-0.716406,0.233489,-1.045423,0.000517,0.841224,-1.263661,0.435122
-1.147138,-0.793403,-0.839362,0.388060,-1.168664,-1.476429,0.649592,-1.644133,-0.459725,0.670565,-0.650754,0.000517,-1.708200,-1.714735,0.475334
-0.797820,-1.142296,-0.993925,-1.550460,0.052062,-0.383785,-0.720884,0.800460,0.438659,-0.253255,-0.907289,0.000517,0.841224,0.202328,-0.580231
0.053644,-0.811766,-0.684799,-0.963030,0.933698,-0.282614,-0.446789,-1.644133,-0.459725,-1.594285,-0.848088,0.614877,0.841224,0.202328,-1.897174
-0.470334,-0.977031,-0.607518,-0.258113,0.458971,-0.930107,0.101401,-1.644133,1.465384,-0.908870,-0.749421,-0.477318,0.416320,-1.038124,-0.550072
-0.339339,-0.848492,-0.452955,-0.346228,-0.422665,-0.586126,-0.104170,-0.014404,0.053637,-0.402259,-0.907289,1.024450,-0.433488,-1.038124,-0.359065
-0.404837,-0.848492,-0.993925,-0.874915,0.458971,-0.545658,0.169925,0.800460,-1.229769,-0.839335,-0.828355,0.887925,-0.008584,-0.248745,-0.972298
-0.666825,-0.701589,-0.684799,0.623032,-0.693937,-0.808702,0.375497,-1.644133,-0.973088,-0.372458,-0.808622,0.478352,-0.433488,-1.263661,-0.449542
-1.278132,-1.307562,-1.303051,-1.462346,-1.033028,-1.375259,1.951545,1.207892,-0.973088,-1.713488,-1.144090,2.253169,0.841224,-1.150893,-2.349559
-0.644993,-1.068845,-0.607518,-0.404971,1.204971,-0.727765,-0.789408,-1.236700,-0.973088,-0.849269,-1.045423,0.273566,0.841224,-1.038124,-0.710920
-0.579496,-0.921943,-0.762081,-0.258113,0.458971,-0.646829,-0.241218,-0.829268,1.208703,-1.574418,-1.084890,0.068779,0.841224,-0.023209,-1.354312
